Dataset,Best_Model,Best_Score
CM1,AdaBoost-LR,0.7530026881720431
JM1,RF,0.7549648741047459
KC1,RF,0.8272430341551104
MC1,AdaBoost-LR,0.9190816103645643
MC2,RF,0.7705208333333333
MW1,AdaBoost-LR,0.7063254830917873
PC1,Bagging-LR,0.861084545758602
PC2,Bagging-RF,0.8862129987129987
PC3,RF,0.8434389279105774
PC4,RF,0.9351683501683501
