Dataset,Best_Model,Best_Score
CM1,RF,0.8226050420168066
JM1,RF,0.8064840762947515
KC1,RF,0.8343631806789702
MC1,RF,0.9923319991297532
MC2,Bagging-DS,0.7551282051282051
MW1,AdaBoost-RF,0.8742165242165243
PC1,RF,0.8992410218437616
PC2,AdaBoost-RF,0.982586129753915
PC3,"AdaBoost-RF, RF",0.8471226021684737
PC4,RF,0.9013593568179414
