Dataset,Best_Model,Best_Score
CM1,RF,0.8218882360243904
JM1,RF,0.7993737348897297
KC1,RF,0.8349061075005129
MC1,RF,0.9921341444458674
MC2,Bagging-DS,0.7423903776535355
MW1,AdaBoost-RF,0.8721213108213901
PC1,RF,0.8982335986446003
PC2,Bagging-RF,0.9820011424455937
PC3,RF,0.8513117899953476
PC4,RF,0.9023533289641872
